#
# TABLE STRUCTURE FOR: codes
#

DROP TABLE IF EXISTS `codes`;

CREATE TABLE `codes` (
  `code_id` int(11) NOT NULL AUTO_INCREMENT,
  `description` varchar(100) DEFAULT NULL,
  `generated_date` varchar(100) DEFAULT NULL,
  `generated_by` varchar(100) DEFAULT NULL,
  `status` varchar(100) DEFAULT NULL,
  `used_by` varchar(100) DEFAULT NULL,
  PRIMARY KEY (`code_id`)
) ENGINE=InnoDB AUTO_INCREMENT=40 DEFAULT CHARSET=latin1;

INSERT INTO `codes` (`code_id`, `description`, `generated_date`, `generated_by`, `status`, `used_by`) VALUES ('1', 'XQv3XQqlv6', '2017-02-27 11:14:48', '1', '1', '12');
INSERT INTO `codes` (`code_id`, `description`, `generated_date`, `generated_by`, `status`, `used_by`) VALUES ('2', 'U5h0UE97Zm', '2017-02-27 11:14:48', '1', '1', '13');
INSERT INTO `codes` (`code_id`, `description`, `generated_date`, `generated_by`, `status`, `used_by`) VALUES ('3', 'm9HhJCrTXR', '2017-02-27 11:14:48', '1', '1', '14');
INSERT INTO `codes` (`code_id`, `description`, `generated_date`, `generated_by`, `status`, `used_by`) VALUES ('4', 'jVHPYEGp0b', '2017-02-27 11:14:48', '1', '1', '15');
INSERT INTO `codes` (`code_id`, `description`, `generated_date`, `generated_by`, `status`, `used_by`) VALUES ('5', 'vUhMVbr5iq', '2017-02-27 11:14:48', '1', '1', '16');
INSERT INTO `codes` (`code_id`, `description`, `generated_date`, `generated_by`, `status`, `used_by`) VALUES ('6', 'sFA9WjMncJ', '2017-02-27 11:14:48', '1', '1', '17');
INSERT INTO `codes` (`code_id`, `description`, `generated_date`, `generated_by`, `status`, `used_by`) VALUES ('7', 'fwFXlDC13C', '2017-02-27 11:14:48', '1', '1', '18');
INSERT INTO `codes` (`code_id`, `description`, `generated_date`, `generated_by`, `status`, `used_by`) VALUES ('8', 'rkEnKfLMwf', '2017-02-27 11:35:35', '1', '1', '19');
INSERT INTO `codes` (`code_id`, `description`, `generated_date`, `generated_by`, `status`, `used_by`) VALUES ('9', '4ghGJpcbeK', '2017-02-27 11:40:42', '1', '1', '20');
INSERT INTO `codes` (`code_id`, `description`, `generated_date`, `generated_by`, `status`, `used_by`) VALUES ('10', 'gvfSricchO', '2017-02-27 11:40:42', '1', '1', '21');
INSERT INTO `codes` (`code_id`, `description`, `generated_date`, `generated_by`, `status`, `used_by`) VALUES ('11', 'AJ9f7TuTF1', '2017-02-27 11:40:42', '1', '1', '22');
INSERT INTO `codes` (`code_id`, `description`, `generated_date`, `generated_by`, `status`, `used_by`) VALUES ('12', '8Kiqr1QDd4', '2017-02-27 11:40:42', '1', '1', '24');
INSERT INTO `codes` (`code_id`, `description`, `generated_date`, `generated_by`, `status`, `used_by`) VALUES ('13', 'otzEm0Wydd', '2017-02-27 11:40:42', '1', '1', '25');
INSERT INTO `codes` (`code_id`, `description`, `generated_date`, `generated_by`, `status`, `used_by`) VALUES ('14', 'nNXw34pxX5', '2017-02-27 11:40:42', '1', '1', '26');
INSERT INTO `codes` (`code_id`, `description`, `generated_date`, `generated_by`, `status`, `used_by`) VALUES ('15', 'z6QRwhTmU6', '2017-02-27 11:40:42', '1', '1', '27');
INSERT INTO `codes` (`code_id`, `description`, `generated_date`, `generated_by`, `status`, `used_by`) VALUES ('16', 'riA0XW1Tve', '2017-02-27 11:40:42', '1', '1', '28');
INSERT INTO `codes` (`code_id`, `description`, `generated_date`, `generated_by`, `status`, `used_by`) VALUES ('17', '6S24p58PD6', '2017-02-27 11:40:42', '1', '0', NULL);
INSERT INTO `codes` (`code_id`, `description`, `generated_date`, `generated_by`, `status`, `used_by`) VALUES ('18', 'UdcL4J2Y6X', '2017-02-27 11:40:42', '1', '0', NULL);
INSERT INTO `codes` (`code_id`, `description`, `generated_date`, `generated_by`, `status`, `used_by`) VALUES ('19', '5xgFydCz67', '2017-02-27 11:40:42', '1', '0', NULL);
INSERT INTO `codes` (`code_id`, `description`, `generated_date`, `generated_by`, `status`, `used_by`) VALUES ('20', 'Od0QhpWqeA', '2017-02-27 11:40:42', '1', '0', NULL);
INSERT INTO `codes` (`code_id`, `description`, `generated_date`, `generated_by`, `status`, `used_by`) VALUES ('21', 'w9NJUSsXQy', '2017-02-27 11:40:42', '1', '0', NULL);
INSERT INTO `codes` (`code_id`, `description`, `generated_date`, `generated_by`, `status`, `used_by`) VALUES ('22', 'VW6bBEpdew', '2017-02-27 11:40:42', '1', '0', NULL);
INSERT INTO `codes` (`code_id`, `description`, `generated_date`, `generated_by`, `status`, `used_by`) VALUES ('23', 'k2JlT1KQrZ', '2017-02-27 11:40:42', '1', '0', NULL);
INSERT INTO `codes` (`code_id`, `description`, `generated_date`, `generated_by`, `status`, `used_by`) VALUES ('24', 'qY8eH36a0X', '2017-02-27 11:40:42', '1', '0', NULL);
INSERT INTO `codes` (`code_id`, `description`, `generated_date`, `generated_by`, `status`, `used_by`) VALUES ('25', 'JWTP7utxII', '2017-02-27 11:40:42', '1', '0', NULL);
INSERT INTO `codes` (`code_id`, `description`, `generated_date`, `generated_by`, `status`, `used_by`) VALUES ('26', '33KNoDP8uh', '2017-02-27 11:40:42', '1', '0', NULL);
INSERT INTO `codes` (`code_id`, `description`, `generated_date`, `generated_by`, `status`, `used_by`) VALUES ('27', '7Ufg8Xjf7k', '2017-02-27 11:40:42', '1', '1', '23');
INSERT INTO `codes` (`code_id`, `description`, `generated_date`, `generated_by`, `status`, `used_by`) VALUES ('28', 'cQg5FoA9Vi', '2017-02-27 11:40:42', '1', '0', NULL);
INSERT INTO `codes` (`code_id`, `description`, `generated_date`, `generated_by`, `status`, `used_by`) VALUES ('29', 'RZlCNKgCTK', '2017-02-27 11:40:42', '1', '0', NULL);
INSERT INTO `codes` (`code_id`, `description`, `generated_date`, `generated_by`, `status`, `used_by`) VALUES ('30', 'U1F9hN6B2e', '2017-02-27 11:40:42', '1', '0', NULL);
INSERT INTO `codes` (`code_id`, `description`, `generated_date`, `generated_by`, `status`, `used_by`) VALUES ('31', 'Vf4blKAVTv', '2017-02-27 11:40:42', '1', '0', NULL);
INSERT INTO `codes` (`code_id`, `description`, `generated_date`, `generated_by`, `status`, `used_by`) VALUES ('32', 'eLvAnjkEVd', '2017-02-27 11:40:42', '1', '0', NULL);
INSERT INTO `codes` (`code_id`, `description`, `generated_date`, `generated_by`, `status`, `used_by`) VALUES ('33', 'oQe30wR77U', '2017-02-27 11:40:42', '1', '0', NULL);
INSERT INTO `codes` (`code_id`, `description`, `generated_date`, `generated_by`, `status`, `used_by`) VALUES ('34', 'l29peu9Oq3', '2017-02-27 11:40:42', '1', '0', NULL);
INSERT INTO `codes` (`code_id`, `description`, `generated_date`, `generated_by`, `status`, `used_by`) VALUES ('35', 'kFOQfc9AQ5', '2017-02-27 11:40:42', '1', '0', NULL);
INSERT INTO `codes` (`code_id`, `description`, `generated_date`, `generated_by`, `status`, `used_by`) VALUES ('36', 'OfV3iVz92H', '2017-02-27 11:40:42', '1', '0', NULL);
INSERT INTO `codes` (`code_id`, `description`, `generated_date`, `generated_by`, `status`, `used_by`) VALUES ('37', '4nKdNYIXN9', '2017-02-27 11:40:42', '1', '0', NULL);
INSERT INTO `codes` (`code_id`, `description`, `generated_date`, `generated_by`, `status`, `used_by`) VALUES ('38', '08OPY428FT', '2017-02-27 11:40:42', '1', '0', NULL);
INSERT INTO `codes` (`code_id`, `description`, `generated_date`, `generated_by`, `status`, `used_by`) VALUES ('39', 'dt89xr47B7', '2017-02-27 11:40:42', '1', '0', NULL);


#
# TABLE STRUCTURE FOR: commission
#

DROP TABLE IF EXISTS `commission`;

CREATE TABLE `commission` (
  `commission_id` int(11) NOT NULL AUTO_INCREMENT,
  `c_user_id` int(11) DEFAULT NULL,
  `c_amount` float DEFAULT NULL,
  `r_user_id` int(11) DEFAULT NULL,
  `depth` varchar(11) DEFAULT NULL,
  `remarks` varchar(45) DEFAULT NULL,
  `date_create` datetime DEFAULT NULL,
  PRIMARY KEY (`commission_id`)
) ENGINE=InnoDB AUTO_INCREMENT=29 DEFAULT CHARSET=latin1;

INSERT INTO `commission` (`commission_id`, `c_user_id`, `c_amount`, `r_user_id`, `depth`, `remarks`, `date_create`) VALUES ('1', '2', '50', '3', NULL, 'referral', '2017-02-26 10:18:24');
INSERT INTO `commission` (`commission_id`, `c_user_id`, `c_amount`, `r_user_id`, `depth`, `remarks`, `date_create`) VALUES ('2', '2', '50', '4', NULL, 'referral', '2017-02-26 10:18:24');
INSERT INTO `commission` (`commission_id`, `c_user_id`, `c_amount`, `r_user_id`, `depth`, `remarks`, `date_create`) VALUES ('3', '2', '50', '5', NULL, 'referral', '2017-02-26 10:18:24');
INSERT INTO `commission` (`commission_id`, `c_user_id`, `c_amount`, `r_user_id`, `depth`, `remarks`, `date_create`) VALUES ('4', '2', '50', '6', NULL, 'referral', '2017-02-26 10:18:24');
INSERT INTO `commission` (`commission_id`, `c_user_id`, `c_amount`, `r_user_id`, `depth`, `remarks`, `date_create`) VALUES ('5', '2', '50', '7', NULL, 'referral', '2017-02-26 10:18:24');
INSERT INTO `commission` (`commission_id`, `c_user_id`, `c_amount`, `r_user_id`, `depth`, `remarks`, `date_create`) VALUES ('6', '2', '50', '8', NULL, 'referral', '2017-02-26 10:18:24');
INSERT INTO `commission` (`commission_id`, `c_user_id`, `c_amount`, `r_user_id`, `depth`, `remarks`, `date_create`) VALUES ('7', '2', '50', '9', NULL, 'referral', '2017-02-26 10:18:24');
INSERT INTO `commission` (`commission_id`, `c_user_id`, `c_amount`, `r_user_id`, `depth`, `remarks`, `date_create`) VALUES ('8', '2', '50', '10', NULL, 'referral', '2017-02-26 10:18:24');
INSERT INTO `commission` (`commission_id`, `c_user_id`, `c_amount`, `r_user_id`, `depth`, `remarks`, `date_create`) VALUES ('9', '2', '50', '11', NULL, 'referral', '2017-02-26 10:18:24');
INSERT INTO `commission` (`commission_id`, `c_user_id`, `c_amount`, `r_user_id`, `depth`, `remarks`, `date_create`) VALUES ('10', '2', '50', '12', NULL, 'referral', '2017-02-27 04:17:30');
INSERT INTO `commission` (`commission_id`, `c_user_id`, `c_amount`, `r_user_id`, `depth`, `remarks`, `date_create`) VALUES ('11', '12', '50', '13', NULL, 'referral', '2017-02-27 04:18:28');
INSERT INTO `commission` (`commission_id`, `c_user_id`, `c_amount`, `r_user_id`, `depth`, `remarks`, `date_create`) VALUES ('12', '12', '50', '14', NULL, 'referral', '2017-02-27 04:19:30');
INSERT INTO `commission` (`commission_id`, `c_user_id`, `c_amount`, `r_user_id`, `depth`, `remarks`, `date_create`) VALUES ('13', '2', '50', '15', NULL, 'referral', '2017-02-27 04:23:18');
INSERT INTO `commission` (`commission_id`, `c_user_id`, `c_amount`, `r_user_id`, `depth`, `remarks`, `date_create`) VALUES ('14', '2', '50', '16', NULL, 'referral', '2017-02-27 04:26:06');
INSERT INTO `commission` (`commission_id`, `c_user_id`, `c_amount`, `r_user_id`, `depth`, `remarks`, `date_create`) VALUES ('15', '2', '50', '17', NULL, 'referral', '2017-02-27 04:30:26');
INSERT INTO `commission` (`commission_id`, `c_user_id`, `c_amount`, `r_user_id`, `depth`, `remarks`, `date_create`) VALUES ('16', '2', '50', '18', NULL, 'referral', '2017-02-27 04:33:57');
INSERT INTO `commission` (`commission_id`, `c_user_id`, `c_amount`, `r_user_id`, `depth`, `remarks`, `date_create`) VALUES ('17', '2', '50', '19', NULL, 'referral', '2017-02-27 04:37:46');
INSERT INTO `commission` (`commission_id`, `c_user_id`, `c_amount`, `r_user_id`, `depth`, `remarks`, `date_create`) VALUES ('18', '2', '50', '20', NULL, 'referral', '2017-02-27 04:41:59');
INSERT INTO `commission` (`commission_id`, `c_user_id`, `c_amount`, `r_user_id`, `depth`, `remarks`, `date_create`) VALUES ('19', '12', '50', '21', NULL, 'referral', '2017-02-27 04:44:36');
INSERT INTO `commission` (`commission_id`, `c_user_id`, `c_amount`, `r_user_id`, `depth`, `remarks`, `date_create`) VALUES ('20', '12', '50', '22', NULL, 'referral', '2017-02-27 04:45:37');
INSERT INTO `commission` (`commission_id`, `c_user_id`, `c_amount`, `r_user_id`, `depth`, `remarks`, `date_create`) VALUES ('21', '16', '50', '23', NULL, 'referral', '2017-02-27 05:23:17');
INSERT INTO `commission` (`commission_id`, `c_user_id`, `c_amount`, `r_user_id`, `depth`, `remarks`, `date_create`) VALUES ('23', '15', '50', '24', NULL, 'referral', '2017-02-28 01:35:07');
INSERT INTO `commission` (`commission_id`, `c_user_id`, `c_amount`, `r_user_id`, `depth`, `remarks`, `date_create`) VALUES ('24', '15', '50', '25', NULL, 'referral', '2017-02-28 01:39:14');
INSERT INTO `commission` (`commission_id`, `c_user_id`, `c_amount`, `r_user_id`, `depth`, `remarks`, `date_create`) VALUES ('25', '15', '50', '26', NULL, 'referral', '2017-02-28 01:49:41');
INSERT INTO `commission` (`commission_id`, `c_user_id`, `c_amount`, `r_user_id`, `depth`, `remarks`, `date_create`) VALUES ('26', '15', '50', '27', NULL, 'referral', '2017-02-28 01:57:05');
INSERT INTO `commission` (`commission_id`, `c_user_id`, `c_amount`, `r_user_id`, `depth`, `remarks`, `date_create`) VALUES ('27', '12', '50', '28', NULL, 'referral', '2017-02-28 02:03:06');
INSERT INTO `commission` (`commission_id`, `c_user_id`, `c_amount`, `r_user_id`, `depth`, `remarks`, `date_create`) VALUES ('28', '2', '60', '2', 'depth_2-0', 'upline', '2017-02-28 18:14:35');


#
# TABLE STRUCTURE FOR: hierarchy
#

DROP TABLE IF EXISTS `hierarchy`;

CREATE TABLE `hierarchy` (
  `p_id` int(11) NOT NULL AUTO_INCREMENT,
  `parent` int(11) DEFAULT NULL,
  `child` int(11) DEFAULT NULL,
  `depth` int(11) DEFAULT NULL,
  `position` varchar(45) DEFAULT NULL,
  `m_position` varchar(45) DEFAULT NULL,
  `created_by` varchar(45) DEFAULT NULL,
  `datetime` datetime DEFAULT NULL,
  PRIMARY KEY (`p_id`)
) ENGINE=InnoDB AUTO_INCREMENT=127 DEFAULT CHARSET=latin1;

INSERT INTO `hierarchy` (`p_id`, `parent`, `child`, `depth`, `position`, `m_position`, `created_by`, `datetime`) VALUES ('1', '2', '2', '0', 'parent', NULL, 'SystemCreate', '2017-02-26 10:18:24');
INSERT INTO `hierarchy` (`p_id`, `parent`, `child`, `depth`, `position`, `m_position`, `created_by`, `datetime`) VALUES ('2', '2', '2', '0', 'parent', NULL, 'SystemCreate', '2017-02-26 10:18:24');
INSERT INTO `hierarchy` (`p_id`, `parent`, `child`, `depth`, `position`, `m_position`, `created_by`, `datetime`) VALUES ('3', '3', '3', '0', 'parent', NULL, 'SystemCreate', '2017-02-26 10:18:24');
INSERT INTO `hierarchy` (`p_id`, `parent`, `child`, `depth`, `position`, `m_position`, `created_by`, `datetime`) VALUES ('4', '4', '4', '0', 'parent', NULL, 'SystemCreate', '2017-02-26 10:18:24');
INSERT INTO `hierarchy` (`p_id`, `parent`, `child`, `depth`, `position`, `m_position`, `created_by`, `datetime`) VALUES ('5', '5', '5', '0', 'parent', NULL, 'SystemCreate', '2017-02-26 10:18:24');
INSERT INTO `hierarchy` (`p_id`, `parent`, `child`, `depth`, `position`, `m_position`, `created_by`, `datetime`) VALUES ('6', '6', '6', '0', 'parent', NULL, 'SystemCreate', '2017-02-26 10:18:24');
INSERT INTO `hierarchy` (`p_id`, `parent`, `child`, `depth`, `position`, `m_position`, `created_by`, `datetime`) VALUES ('7', '7', '7', '0', 'parent', NULL, 'SystemCreate', '2017-02-26 10:18:24');
INSERT INTO `hierarchy` (`p_id`, `parent`, `child`, `depth`, `position`, `m_position`, `created_by`, `datetime`) VALUES ('8', '8', '8', '0', 'parent', NULL, 'SystemCreate', '2017-02-26 10:18:24');
INSERT INTO `hierarchy` (`p_id`, `parent`, `child`, `depth`, `position`, `m_position`, `created_by`, `datetime`) VALUES ('9', '9', '9', '0', 'parent', NULL, 'SystemCreate', '2017-02-26 10:18:24');
INSERT INTO `hierarchy` (`p_id`, `parent`, `child`, `depth`, `position`, `m_position`, `created_by`, `datetime`) VALUES ('10', '10', '10', '0', 'parent', NULL, 'SystemCreate', '2017-02-26 10:18:24');
INSERT INTO `hierarchy` (`p_id`, `parent`, `child`, `depth`, `position`, `m_position`, `created_by`, `datetime`) VALUES ('11', '2', '3', '1', 'left', 'left', 'luyabaya1', '2017-02-27 03:16:43');
INSERT INTO `hierarchy` (`p_id`, `parent`, `child`, `depth`, `position`, `m_position`, `created_by`, `datetime`) VALUES ('12', '2', '3', '1', 'left', 'left', 'luyabaya1', '2017-02-27 03:16:43');
INSERT INTO `hierarchy` (`p_id`, `parent`, `child`, `depth`, `position`, `m_position`, `created_by`, `datetime`) VALUES ('14', '2', '4', '1', 'right', 'right', 'luyabaya1', '2017-02-27 03:16:50');
INSERT INTO `hierarchy` (`p_id`, `parent`, `child`, `depth`, `position`, `m_position`, `created_by`, `datetime`) VALUES ('15', '2', '4', '1', 'right', 'right', 'luyabaya1', '2017-02-27 03:16:50');
INSERT INTO `hierarchy` (`p_id`, `parent`, `child`, `depth`, `position`, `m_position`, `created_by`, `datetime`) VALUES ('17', '3', '5', '1', 'left', 'left', 'luyabaya1', '2017-02-27 03:17:08');
INSERT INTO `hierarchy` (`p_id`, `parent`, `child`, `depth`, `position`, `m_position`, `created_by`, `datetime`) VALUES ('18', '2', '5', '2', 'left', 'left', 'luyabaya1', '2017-02-27 03:17:08');
INSERT INTO `hierarchy` (`p_id`, `parent`, `child`, `depth`, `position`, `m_position`, `created_by`, `datetime`) VALUES ('19', '2', '5', '2', 'left', 'left', 'luyabaya1', '2017-02-27 03:17:08');
INSERT INTO `hierarchy` (`p_id`, `parent`, `child`, `depth`, `position`, `m_position`, `created_by`, `datetime`) VALUES ('20', '3', '6', '1', 'right', 'left', 'luyabaya1', '2017-02-27 03:17:21');
INSERT INTO `hierarchy` (`p_id`, `parent`, `child`, `depth`, `position`, `m_position`, `created_by`, `datetime`) VALUES ('21', '2', '6', '2', 'right', 'left', 'luyabaya1', '2017-02-27 03:17:21');
INSERT INTO `hierarchy` (`p_id`, `parent`, `child`, `depth`, `position`, `m_position`, `created_by`, `datetime`) VALUES ('22', '2', '6', '2', 'right', 'left', 'luyabaya1', '2017-02-27 03:17:21');
INSERT INTO `hierarchy` (`p_id`, `parent`, `child`, `depth`, `position`, `m_position`, `created_by`, `datetime`) VALUES ('23', '4', '7', '1', 'left', 'right', 'luyabaya1', '2017-02-27 03:17:34');
INSERT INTO `hierarchy` (`p_id`, `parent`, `child`, `depth`, `position`, `m_position`, `created_by`, `datetime`) VALUES ('24', '2', '7', '2', 'left', 'right', 'luyabaya1', '2017-02-27 03:17:34');
INSERT INTO `hierarchy` (`p_id`, `parent`, `child`, `depth`, `position`, `m_position`, `created_by`, `datetime`) VALUES ('25', '2', '7', '2', 'left', 'right', 'luyabaya1', '2017-02-27 03:17:34');
INSERT INTO `hierarchy` (`p_id`, `parent`, `child`, `depth`, `position`, `m_position`, `created_by`, `datetime`) VALUES ('26', '4', '8', '1', 'right', 'right', 'luyabaya1', '2017-02-27 03:17:50');
INSERT INTO `hierarchy` (`p_id`, `parent`, `child`, `depth`, `position`, `m_position`, `created_by`, `datetime`) VALUES ('27', '2', '8', '2', 'right', 'right', 'luyabaya1', '2017-02-27 03:17:50');
INSERT INTO `hierarchy` (`p_id`, `parent`, `child`, `depth`, `position`, `m_position`, `created_by`, `datetime`) VALUES ('28', '2', '8', '2', 'right', 'right', 'luyabaya1', '2017-02-27 03:17:50');
INSERT INTO `hierarchy` (`p_id`, `parent`, `child`, `depth`, `position`, `m_position`, `created_by`, `datetime`) VALUES ('29', '12', '12', '0', 'parent', '', 'SystemCreate', '2017-02-27 04:17:30');
INSERT INTO `hierarchy` (`p_id`, `parent`, `child`, `depth`, `position`, `m_position`, `created_by`, `datetime`) VALUES ('30', '13', '13', '0', 'parent', '', 'SystemCreate', '2017-02-27 04:18:28');
INSERT INTO `hierarchy` (`p_id`, `parent`, `child`, `depth`, `position`, `m_position`, `created_by`, `datetime`) VALUES ('31', '14', '14', '0', 'parent', '', 'SystemCreate', '2017-02-27 04:19:30');
INSERT INTO `hierarchy` (`p_id`, `parent`, `child`, `depth`, `position`, `m_position`, `created_by`, `datetime`) VALUES ('32', '12', '13', '1', 'left', 'left', 'john', '2017-02-27 04:20:00');
INSERT INTO `hierarchy` (`p_id`, `parent`, `child`, `depth`, `position`, `m_position`, `created_by`, `datetime`) VALUES ('33', '12', '14', '1', 'right', 'right', 'john', '2017-02-27 04:20:06');
INSERT INTO `hierarchy` (`p_id`, `parent`, `child`, `depth`, `position`, `m_position`, `created_by`, `datetime`) VALUES ('34', '15', '15', '0', 'parent', '', 'SystemCreate', '2017-02-27 04:23:18');
INSERT INTO `hierarchy` (`p_id`, `parent`, `child`, `depth`, `position`, `m_position`, `created_by`, `datetime`) VALUES ('35', '16', '16', '0', 'parent', '', 'SystemCreate', '2017-02-27 04:26:06');
INSERT INTO `hierarchy` (`p_id`, `parent`, `child`, `depth`, `position`, `m_position`, `created_by`, `datetime`) VALUES ('36', '5', '15', '1', 'right', 'left', 'luyabaya1', '2017-02-27 04:27:07');
INSERT INTO `hierarchy` (`p_id`, `parent`, `child`, `depth`, `position`, `m_position`, `created_by`, `datetime`) VALUES ('37', '3', '15', '3', 'right', 'left', 'luyabaya1', '2017-02-27 04:27:07');
INSERT INTO `hierarchy` (`p_id`, `parent`, `child`, `depth`, `position`, `m_position`, `created_by`, `datetime`) VALUES ('38', '2', '15', '3', 'right', 'left', 'luyabaya1', '2017-02-27 04:27:07');
INSERT INTO `hierarchy` (`p_id`, `parent`, `child`, `depth`, `position`, `m_position`, `created_by`, `datetime`) VALUES ('39', '2', '15', '3', 'right', 'left', 'luyabaya1', '2017-02-27 04:27:07');
INSERT INTO `hierarchy` (`p_id`, `parent`, `child`, `depth`, `position`, `m_position`, `created_by`, `datetime`) VALUES ('43', '6', '16', '1', 'left', 'left', 'luyabaya1', '2017-02-27 04:27:29');
INSERT INTO `hierarchy` (`p_id`, `parent`, `child`, `depth`, `position`, `m_position`, `created_by`, `datetime`) VALUES ('44', '3', '16', '3', 'left', 'left', 'luyabaya1', '2017-02-27 04:27:29');
INSERT INTO `hierarchy` (`p_id`, `parent`, `child`, `depth`, `position`, `m_position`, `created_by`, `datetime`) VALUES ('45', '2', '16', '3', 'left', 'left', 'luyabaya1', '2017-02-27 04:27:29');
INSERT INTO `hierarchy` (`p_id`, `parent`, `child`, `depth`, `position`, `m_position`, `created_by`, `datetime`) VALUES ('46', '2', '16', '3', 'left', 'left', 'luyabaya1', '2017-02-27 04:27:29');
INSERT INTO `hierarchy` (`p_id`, `parent`, `child`, `depth`, `position`, `m_position`, `created_by`, `datetime`) VALUES ('50', '17', '17', '0', 'parent', '', 'SystemCreate', '2017-02-27 04:30:26');
INSERT INTO `hierarchy` (`p_id`, `parent`, `child`, `depth`, `position`, `m_position`, `created_by`, `datetime`) VALUES ('51', '5', '17', '1', 'left', 'left', 'luyabaya1', '2017-02-27 04:30:45');
INSERT INTO `hierarchy` (`p_id`, `parent`, `child`, `depth`, `position`, `m_position`, `created_by`, `datetime`) VALUES ('52', '3', '17', '3', 'left', 'left', 'luyabaya1', '2017-02-27 04:30:45');
INSERT INTO `hierarchy` (`p_id`, `parent`, `child`, `depth`, `position`, `m_position`, `created_by`, `datetime`) VALUES ('53', '2', '17', '3', 'left', 'left', 'luyabaya1', '2017-02-27 04:30:45');
INSERT INTO `hierarchy` (`p_id`, `parent`, `child`, `depth`, `position`, `m_position`, `created_by`, `datetime`) VALUES ('54', '2', '17', '3', 'left', 'left', 'luyabaya1', '2017-02-27 04:30:45');
INSERT INTO `hierarchy` (`p_id`, `parent`, `child`, `depth`, `position`, `m_position`, `created_by`, `datetime`) VALUES ('58', '18', '18', '0', 'parent', '', 'SystemCreate', '2017-02-27 04:33:57');
INSERT INTO `hierarchy` (`p_id`, `parent`, `child`, `depth`, `position`, `m_position`, `created_by`, `datetime`) VALUES ('59', '8', '18', '1', 'left', 'right', 'luyabaya1', '2017-02-27 04:34:17');
INSERT INTO `hierarchy` (`p_id`, `parent`, `child`, `depth`, `position`, `m_position`, `created_by`, `datetime`) VALUES ('60', '4', '18', '3', 'left', 'right', 'luyabaya1', '2017-02-27 04:34:17');
INSERT INTO `hierarchy` (`p_id`, `parent`, `child`, `depth`, `position`, `m_position`, `created_by`, `datetime`) VALUES ('61', '2', '18', '3', 'left', 'right', 'luyabaya1', '2017-02-27 04:34:17');
INSERT INTO `hierarchy` (`p_id`, `parent`, `child`, `depth`, `position`, `m_position`, `created_by`, `datetime`) VALUES ('62', '2', '18', '3', 'left', 'right', 'luyabaya1', '2017-02-27 04:34:17');
INSERT INTO `hierarchy` (`p_id`, `parent`, `child`, `depth`, `position`, `m_position`, `created_by`, `datetime`) VALUES ('66', '19', '19', '0', 'parent', '', 'SystemCreate', '2017-02-27 04:37:46');
INSERT INTO `hierarchy` (`p_id`, `parent`, `child`, `depth`, `position`, `m_position`, `created_by`, `datetime`) VALUES ('67', '8', '19', '1', 'right', 'right', 'luyabaya1', '2017-02-27 04:38:07');
INSERT INTO `hierarchy` (`p_id`, `parent`, `child`, `depth`, `position`, `m_position`, `created_by`, `datetime`) VALUES ('68', '4', '19', '3', 'right', 'right', 'luyabaya1', '2017-02-27 04:38:07');
INSERT INTO `hierarchy` (`p_id`, `parent`, `child`, `depth`, `position`, `m_position`, `created_by`, `datetime`) VALUES ('69', '2', '19', '3', 'right', 'right', 'luyabaya1', '2017-02-27 04:38:07');
INSERT INTO `hierarchy` (`p_id`, `parent`, `child`, `depth`, `position`, `m_position`, `created_by`, `datetime`) VALUES ('70', '2', '19', '3', 'right', 'right', 'luyabaya1', '2017-02-27 04:38:07');
INSERT INTO `hierarchy` (`p_id`, `parent`, `child`, `depth`, `position`, `m_position`, `created_by`, `datetime`) VALUES ('74', '20', '20', '0', 'parent', '', 'SystemCreate', '2017-02-27 04:41:59');
INSERT INTO `hierarchy` (`p_id`, `parent`, `child`, `depth`, `position`, `m_position`, `created_by`, `datetime`) VALUES ('75', '7', '20', '1', 'right', 'right', 'luyabaya1', '2017-02-27 04:42:26');
INSERT INTO `hierarchy` (`p_id`, `parent`, `child`, `depth`, `position`, `m_position`, `created_by`, `datetime`) VALUES ('76', '4', '20', '3', 'right', 'right', 'luyabaya1', '2017-02-27 04:42:26');
INSERT INTO `hierarchy` (`p_id`, `parent`, `child`, `depth`, `position`, `m_position`, `created_by`, `datetime`) VALUES ('77', '2', '20', '3', 'right', 'right', 'luyabaya1', '2017-02-27 04:42:26');
INSERT INTO `hierarchy` (`p_id`, `parent`, `child`, `depth`, `position`, `m_position`, `created_by`, `datetime`) VALUES ('78', '2', '20', '3', 'right', 'right', 'luyabaya1', '2017-02-27 04:42:26');
INSERT INTO `hierarchy` (`p_id`, `parent`, `child`, `depth`, `position`, `m_position`, `created_by`, `datetime`) VALUES ('82', '21', '21', '0', 'parent', '', 'SystemCreate', '2017-02-27 04:44:36');
INSERT INTO `hierarchy` (`p_id`, `parent`, `child`, `depth`, `position`, `m_position`, `created_by`, `datetime`) VALUES ('83', '22', '22', '0', 'parent', '', 'SystemCreate', '2017-02-27 04:45:37');
INSERT INTO `hierarchy` (`p_id`, `parent`, `child`, `depth`, `position`, `m_position`, `created_by`, `datetime`) VALUES ('84', '13', '21', '1', 'left', 'left', 'john', '2017-02-27 04:46:04');
INSERT INTO `hierarchy` (`p_id`, `parent`, `child`, `depth`, `position`, `m_position`, `created_by`, `datetime`) VALUES ('85', '12', '21', '2', 'left', 'left', 'john', '2017-02-27 04:46:04');
INSERT INTO `hierarchy` (`p_id`, `parent`, `child`, `depth`, `position`, `m_position`, `created_by`, `datetime`) VALUES ('87', '14', '22', '1', 'right', 'right', 'john', '2017-02-27 04:46:29');
INSERT INTO `hierarchy` (`p_id`, `parent`, `child`, `depth`, `position`, `m_position`, `created_by`, `datetime`) VALUES ('88', '12', '22', '2', 'right', 'right', 'john', '2017-02-27 04:46:29');
INSERT INTO `hierarchy` (`p_id`, `parent`, `child`, `depth`, `position`, `m_position`, `created_by`, `datetime`) VALUES ('90', '23', '23', '0', 'parent', '', 'SystemCreate', '2017-02-27 05:23:17');
INSERT INTO `hierarchy` (`p_id`, `parent`, `child`, `depth`, `position`, `m_position`, `created_by`, `datetime`) VALUES ('91', '24', '24', '0', 'parent', '', 'SystemCreate', '2017-02-28 01:35:07');
INSERT INTO `hierarchy` (`p_id`, `parent`, `child`, `depth`, `position`, `m_position`, `created_by`, `datetime`) VALUES ('92', '15', '24', '1', 'left', 'left', 'art01', '2017-02-28 01:36:08');
INSERT INTO `hierarchy` (`p_id`, `parent`, `child`, `depth`, `position`, `m_position`, `created_by`, `datetime`) VALUES ('93', '5', '24', '4', 'left', 'left', 'art01', '2017-02-28 01:36:08');
INSERT INTO `hierarchy` (`p_id`, `parent`, `child`, `depth`, `position`, `m_position`, `created_by`, `datetime`) VALUES ('94', '3', '24', '4', 'left', 'left', 'art01', '2017-02-28 01:36:08');
INSERT INTO `hierarchy` (`p_id`, `parent`, `child`, `depth`, `position`, `m_position`, `created_by`, `datetime`) VALUES ('95', '2', '24', '4', 'left', 'left', 'art01', '2017-02-28 01:36:08');
INSERT INTO `hierarchy` (`p_id`, `parent`, `child`, `depth`, `position`, `m_position`, `created_by`, `datetime`) VALUES ('96', '2', '24', '4', 'left', 'left', 'art01', '2017-02-28 01:36:08');
INSERT INTO `hierarchy` (`p_id`, `parent`, `child`, `depth`, `position`, `m_position`, `created_by`, `datetime`) VALUES ('99', '25', '25', '0', 'parent', '', 'SystemCreate', '2017-02-28 01:39:14');
INSERT INTO `hierarchy` (`p_id`, `parent`, `child`, `depth`, `position`, `m_position`, `created_by`, `datetime`) VALUES ('100', '24', '25', '1', 'left', 'left', 'art01', '2017-02-28 01:40:43');
INSERT INTO `hierarchy` (`p_id`, `parent`, `child`, `depth`, `position`, `m_position`, `created_by`, `datetime`) VALUES ('101', '15', '25', '5', 'left', 'left', 'art01', '2017-02-28 01:40:43');
INSERT INTO `hierarchy` (`p_id`, `parent`, `child`, `depth`, `position`, `m_position`, `created_by`, `datetime`) VALUES ('102', '5', '25', '5', 'left', 'left', 'art01', '2017-02-28 01:40:43');
INSERT INTO `hierarchy` (`p_id`, `parent`, `child`, `depth`, `position`, `m_position`, `created_by`, `datetime`) VALUES ('103', '3', '25', '5', 'left', 'left', 'art01', '2017-02-28 01:40:43');
INSERT INTO `hierarchy` (`p_id`, `parent`, `child`, `depth`, `position`, `m_position`, `created_by`, `datetime`) VALUES ('104', '2', '25', '5', 'left', 'left', 'art01', '2017-02-28 01:40:43');
INSERT INTO `hierarchy` (`p_id`, `parent`, `child`, `depth`, `position`, `m_position`, `created_by`, `datetime`) VALUES ('105', '2', '25', '5', 'left', 'left', 'art01', '2017-02-28 01:40:43');
INSERT INTO `hierarchy` (`p_id`, `parent`, `child`, `depth`, `position`, `m_position`, `created_by`, `datetime`) VALUES ('107', '26', '26', '0', 'parent', '', 'SystemCreate', '2017-02-28 01:49:40');
INSERT INTO `hierarchy` (`p_id`, `parent`, `child`, `depth`, `position`, `m_position`, `created_by`, `datetime`) VALUES ('108', '27', '27', '0', 'parent', '', 'SystemCreate', '2017-02-28 01:57:05');
INSERT INTO `hierarchy` (`p_id`, `parent`, `child`, `depth`, `position`, `m_position`, `created_by`, `datetime`) VALUES ('109', '15', '26', '1', 'right', 'right', 'art01', '2017-02-28 01:57:53');
INSERT INTO `hierarchy` (`p_id`, `parent`, `child`, `depth`, `position`, `m_position`, `created_by`, `datetime`) VALUES ('110', '5', '26', '4', 'right', 'right', 'art01', '2017-02-28 01:57:53');
INSERT INTO `hierarchy` (`p_id`, `parent`, `child`, `depth`, `position`, `m_position`, `created_by`, `datetime`) VALUES ('111', '3', '26', '4', 'right', 'right', 'art01', '2017-02-28 01:57:53');
INSERT INTO `hierarchy` (`p_id`, `parent`, `child`, `depth`, `position`, `m_position`, `created_by`, `datetime`) VALUES ('112', '2', '26', '4', 'right', 'right', 'art01', '2017-02-28 01:57:53');
INSERT INTO `hierarchy` (`p_id`, `parent`, `child`, `depth`, `position`, `m_position`, `created_by`, `datetime`) VALUES ('113', '2', '26', '4', 'right', 'right', 'art01', '2017-02-28 01:57:53');
INSERT INTO `hierarchy` (`p_id`, `parent`, `child`, `depth`, `position`, `m_position`, `created_by`, `datetime`) VALUES ('116', '24', '27', '1', 'right', 'left', 'art01', '2017-02-28 01:58:52');
INSERT INTO `hierarchy` (`p_id`, `parent`, `child`, `depth`, `position`, `m_position`, `created_by`, `datetime`) VALUES ('117', '15', '27', '5', 'right', 'left', 'art01', '2017-02-28 01:58:52');
INSERT INTO `hierarchy` (`p_id`, `parent`, `child`, `depth`, `position`, `m_position`, `created_by`, `datetime`) VALUES ('118', '5', '27', '5', 'right', 'left', 'art01', '2017-02-28 01:58:52');
INSERT INTO `hierarchy` (`p_id`, `parent`, `child`, `depth`, `position`, `m_position`, `created_by`, `datetime`) VALUES ('119', '3', '27', '5', 'right', 'left', 'art01', '2017-02-28 01:58:52');
INSERT INTO `hierarchy` (`p_id`, `parent`, `child`, `depth`, `position`, `m_position`, `created_by`, `datetime`) VALUES ('120', '2', '27', '5', 'right', 'left', 'art01', '2017-02-28 01:58:52');
INSERT INTO `hierarchy` (`p_id`, `parent`, `child`, `depth`, `position`, `m_position`, `created_by`, `datetime`) VALUES ('121', '2', '27', '5', 'right', 'left', 'art01', '2017-02-28 01:58:52');
INSERT INTO `hierarchy` (`p_id`, `parent`, `child`, `depth`, `position`, `m_position`, `created_by`, `datetime`) VALUES ('123', '28', '28', '0', 'parent', '', 'SystemCreate', '2017-02-28 02:03:06');
INSERT INTO `hierarchy` (`p_id`, `parent`, `child`, `depth`, `position`, `m_position`, `created_by`, `datetime`) VALUES ('124', '22', '28', '1', 'right', 'right', 'john', '2017-02-28 02:03:38');
INSERT INTO `hierarchy` (`p_id`, `parent`, `child`, `depth`, `position`, `m_position`, `created_by`, `datetime`) VALUES ('125', '14', '28', '3', 'right', 'right', 'john', '2017-02-28 02:03:38');
INSERT INTO `hierarchy` (`p_id`, `parent`, `child`, `depth`, `position`, `m_position`, `created_by`, `datetime`) VALUES ('126', '12', '28', '3', 'right', 'right', 'john', '2017-02-28 02:03:38');


#
# TABLE STRUCTURE FOR: position
#

DROP TABLE IF EXISTS `position`;

CREATE TABLE `position` (
  `position_id` int(11) NOT NULL AUTO_INCREMENT,
  `user_id` varchar(100) DEFAULT NULL,
  `position_left` varchar(100) DEFAULT NULL,
  `position_right` varchar(100) NOT NULL,
  `sponsor_by` varchar(100) DEFAULT NULL,
  `upline` varchar(100) DEFAULT NULL,
  PRIMARY KEY (`position_id`)
) ENGINE=InnoDB AUTO_INCREMENT=28 DEFAULT CHARSET=latin1;

INSERT INTO `position` (`position_id`, `user_id`, `position_left`, `position_right`, `sponsor_by`, `upline`) VALUES ('1', '2', '3', '4', '2', '2');
INSERT INTO `position` (`position_id`, `user_id`, `position_left`, `position_right`, `sponsor_by`, `upline`) VALUES ('2', '3', '5', '6', '2', '3');
INSERT INTO `position` (`position_id`, `user_id`, `position_left`, `position_right`, `sponsor_by`, `upline`) VALUES ('3', '4', '7', '8', '2', '4');
INSERT INTO `position` (`position_id`, `user_id`, `position_left`, `position_right`, `sponsor_by`, `upline`) VALUES ('4', '5', '17', '15', '2', '5');
INSERT INTO `position` (`position_id`, `user_id`, `position_left`, `position_right`, `sponsor_by`, `upline`) VALUES ('5', '6', '16', '', '2', '6');
INSERT INTO `position` (`position_id`, `user_id`, `position_left`, `position_right`, `sponsor_by`, `upline`) VALUES ('6', '7', '', '20', '2', '7');
INSERT INTO `position` (`position_id`, `user_id`, `position_left`, `position_right`, `sponsor_by`, `upline`) VALUES ('7', '8', '18', '19', '2', '8');
INSERT INTO `position` (`position_id`, `user_id`, `position_left`, `position_right`, `sponsor_by`, `upline`) VALUES ('8', '9', '', '', '2', NULL);
INSERT INTO `position` (`position_id`, `user_id`, `position_left`, `position_right`, `sponsor_by`, `upline`) VALUES ('9', '10', '', '', '2', NULL);
INSERT INTO `position` (`position_id`, `user_id`, `position_left`, `position_right`, `sponsor_by`, `upline`) VALUES ('10', '11', '', '', '2', NULL);
INSERT INTO `position` (`position_id`, `user_id`, `position_left`, `position_right`, `sponsor_by`, `upline`) VALUES ('11', '12', '13', '14', '2', '12');
INSERT INTO `position` (`position_id`, `user_id`, `position_left`, `position_right`, `sponsor_by`, `upline`) VALUES ('12', '13', '21', '', '12', '13');
INSERT INTO `position` (`position_id`, `user_id`, `position_left`, `position_right`, `sponsor_by`, `upline`) VALUES ('13', '14', '', '22', '12', '14');
INSERT INTO `position` (`position_id`, `user_id`, `position_left`, `position_right`, `sponsor_by`, `upline`) VALUES ('14', '15', '24', '26', '2', '15');
INSERT INTO `position` (`position_id`, `user_id`, `position_left`, `position_right`, `sponsor_by`, `upline`) VALUES ('15', '16', '', '', '2', '');
INSERT INTO `position` (`position_id`, `user_id`, `position_left`, `position_right`, `sponsor_by`, `upline`) VALUES ('16', '17', '', '', '2', '');
INSERT INTO `position` (`position_id`, `user_id`, `position_left`, `position_right`, `sponsor_by`, `upline`) VALUES ('17', '18', '', '', '2', '');
INSERT INTO `position` (`position_id`, `user_id`, `position_left`, `position_right`, `sponsor_by`, `upline`) VALUES ('18', '19', '', '', '2', '');
INSERT INTO `position` (`position_id`, `user_id`, `position_left`, `position_right`, `sponsor_by`, `upline`) VALUES ('19', '20', '', '', '2', '');
INSERT INTO `position` (`position_id`, `user_id`, `position_left`, `position_right`, `sponsor_by`, `upline`) VALUES ('20', '21', '', '', '12', '');
INSERT INTO `position` (`position_id`, `user_id`, `position_left`, `position_right`, `sponsor_by`, `upline`) VALUES ('21', '22', '', '28', '12', '22');
INSERT INTO `position` (`position_id`, `user_id`, `position_left`, `position_right`, `sponsor_by`, `upline`) VALUES ('22', '23', '', '', '16', '');
INSERT INTO `position` (`position_id`, `user_id`, `position_left`, `position_right`, `sponsor_by`, `upline`) VALUES ('23', '24', '25', '27', '15', '24');
INSERT INTO `position` (`position_id`, `user_id`, `position_left`, `position_right`, `sponsor_by`, `upline`) VALUES ('24', '25', '', '', '15', '');
INSERT INTO `position` (`position_id`, `user_id`, `position_left`, `position_right`, `sponsor_by`, `upline`) VALUES ('25', '26', '', '', '15', '');
INSERT INTO `position` (`position_id`, `user_id`, `position_left`, `position_right`, `sponsor_by`, `upline`) VALUES ('26', '27', '', '', '15', '');
INSERT INTO `position` (`position_id`, `user_id`, `position_left`, `position_right`, `sponsor_by`, `upline`) VALUES ('27', '28', '', '', '12', '');


#
# TABLE STRUCTURE FOR: product_purchase
#

DROP TABLE IF EXISTS `product_purchase`;

CREATE TABLE `product_purchase` (
  `product_purchase_id` int(11) NOT NULL AUTO_INCREMENT,
  `amount` varchar(100) NOT NULL,
  `date_purchase` date NOT NULL,
  `user_id` int(11) NOT NULL,
  PRIMARY KEY (`product_purchase_id`)
) ENGINE=MyISAM DEFAULT CHARSET=latin1;

#
# TABLE STRUCTURE FOR: request_withdrawal
#

DROP TABLE IF EXISTS `request_withdrawal`;

CREATE TABLE `request_withdrawal` (
  `request_withdrawal_id` int(11) NOT NULL AUTO_INCREMENT,
  `amount` varchar(100) NOT NULL,
  `date_requested` varchar(100) NOT NULL,
  `user_id` int(11) NOT NULL,
  `status` int(11) NOT NULL,
  PRIMARY KEY (`request_withdrawal_id`)
) ENGINE=InnoDB DEFAULT CHARSET=latin1;

#
# TABLE STRUCTURE FOR: users
#

DROP TABLE IF EXISTS `users`;

CREATE TABLE `users` (
  `user_id` int(11) NOT NULL AUTO_INCREMENT,
  `user_name` varchar(100) DEFAULT NULL,
  `password` varchar(100) DEFAULT NULL,
  `first_name` varchar(100) DEFAULT NULL,
  `last_name` varchar(100) DEFAULT NULL,
  `gender` varchar(100) DEFAULT NULL,
  `contact` varchar(100) DEFAULT NULL,
  `address` varchar(100) DEFAULT NULL,
  `entered_on` datetime DEFAULT NULL,
  `status` varchar(100) DEFAULT NULL,
  `position` int(11) DEFAULT NULL,
  `email` varchar(100) DEFAULT NULL,
  `sponsor_by` varchar(100) DEFAULT NULL,
  PRIMARY KEY (`user_id`)
) ENGINE=InnoDB AUTO_INCREMENT=29 DEFAULT CHARSET=latin1;

INSERT INTO `users` (`user_id`, `user_name`, `password`, `first_name`, `last_name`, `gender`, `contact`, `address`, `entered_on`, `status`, `position`, `email`, `sponsor_by`) VALUES ('1', 'admin', '12345', 'Luyabaya', 'Admin', '', '(082) 282 8849', 'Jacinto Extension (Infront of Blueberry Hotel), Davao City, Philippines', '2017-02-26 10:18:24', '', '1', 'luyabaya@gmail.com', '');
INSERT INTO `users` (`user_id`, `user_name`, `password`, `first_name`, `last_name`, `gender`, `contact`, `address`, `entered_on`, `status`, `position`, `email`, `sponsor_by`) VALUES ('2', 'luyabaya1', '12345', 'Luyabaya', '1', '', '(082) 282 8849', 'Jacinto Extension (Infront of Blueberry Hotel), Davao City, Philippines', '2017-02-26 10:18:24', '1', '0', 'luyabaya@gmail.com', '2');
INSERT INTO `users` (`user_id`, `user_name`, `password`, `first_name`, `last_name`, `gender`, `contact`, `address`, `entered_on`, `status`, `position`, `email`, `sponsor_by`) VALUES ('3', 'luyabaya2', '12345', 'Luyabaya', '2', 'M', '(082) 282 8849', 'Jacinto Extension (Infront of Blueberry Hotel), Davao City, Philippines', '2017-02-26 10:18:24', '1', '0', 'luyabaya2@gmail.com', '2');
INSERT INTO `users` (`user_id`, `user_name`, `password`, `first_name`, `last_name`, `gender`, `contact`, `address`, `entered_on`, `status`, `position`, `email`, `sponsor_by`) VALUES ('4', 'luyabaya3', '12345', 'Luyabaya', '3', 'M', '(082) 282 8849', 'Jacinto Extension (Infront of Blueberry Hotel), Davao City, Philippines', '2017-02-26 10:18:24', '1', '0', 'luyabaya3@gmail.com', '2');
INSERT INTO `users` (`user_id`, `user_name`, `password`, `first_name`, `last_name`, `gender`, `contact`, `address`, `entered_on`, `status`, `position`, `email`, `sponsor_by`) VALUES ('5', 'luyabaya4', '12345', 'Luyabaya', '4', 'M', '(082) 282 8849', 'Jacinto Extension (Infront of Blueberry Hotel), Davao City, Philippines', '2017-02-26 10:18:24', '1', '0', 'luyabaya4@gmail.com', '2');
INSERT INTO `users` (`user_id`, `user_name`, `password`, `first_name`, `last_name`, `gender`, `contact`, `address`, `entered_on`, `status`, `position`, `email`, `sponsor_by`) VALUES ('6', 'luyabaya5', '12345', 'Luyabaya', '5', 'M', '(082) 282 8849', 'Jacinto Extension (Infront of Blueberry Hotel), Davao City, Philippines', '2017-02-26 10:18:24', '1', '0', 'luyabaya5@gmail.com', '2');
INSERT INTO `users` (`user_id`, `user_name`, `password`, `first_name`, `last_name`, `gender`, `contact`, `address`, `entered_on`, `status`, `position`, `email`, `sponsor_by`) VALUES ('7', 'luyabaya6', '12345', 'Luyabaya', '6', 'M', '(082) 282 8849', 'Jacinto Extension (Infront of Blueberry Hotel), Davao City, Philippines', '2017-02-26 10:18:24', '1', '0', 'luyabaya6@gmail.com', '2');
INSERT INTO `users` (`user_id`, `user_name`, `password`, `first_name`, `last_name`, `gender`, `contact`, `address`, `entered_on`, `status`, `position`, `email`, `sponsor_by`) VALUES ('8', 'luyabaya7', '12345', 'Luyabaya', '7', 'M', '(082) 282 8849', 'Jacinto Extension (Infront of Blueberry Hotel), Davao City, Philippines', '2017-02-26 10:18:24', '1', '0', 'luyabaya7@gmail.com', '2');
INSERT INTO `users` (`user_id`, `user_name`, `password`, `first_name`, `last_name`, `gender`, `contact`, `address`, `entered_on`, `status`, `position`, `email`, `sponsor_by`) VALUES ('9', 'luyabaya8', '12345', 'Luyabaya', '8', 'M', '(082) 282 8849', 'Jacinto Extension (Infront of Blueberry Hotel), Davao City, Philippines', '2017-02-26 10:18:24', '1', '0', 'luyabaya8@gmail.com', '2');
INSERT INTO `users` (`user_id`, `user_name`, `password`, `first_name`, `last_name`, `gender`, `contact`, `address`, `entered_on`, `status`, `position`, `email`, `sponsor_by`) VALUES ('10', 'luyabaya9', '12345', 'Luyabaya', '9', 'M', '(082) 282 8849', 'Jacinto Extension (Infront of Blueberry Hotel), Davao City, Philippines', '2017-02-26 10:18:24', '1', '0', 'luyabaya9@gmail.com', '2');
INSERT INTO `users` (`user_id`, `user_name`, `password`, `first_name`, `last_name`, `gender`, `contact`, `address`, `entered_on`, `status`, `position`, `email`, `sponsor_by`) VALUES ('11', 'luyabaya10', '12345', 'Luyabaya', '10', 'M', '(082) 282 8849', 'Jacinto Extension (Infront of Blueberry Hotel), Davao City, Philippines', '2017-02-26 10:18:24', '1', '0', 'luyabaya10@gmail.com', '2');
INSERT INTO `users` (`user_id`, `user_name`, `password`, `first_name`, `last_name`, `gender`, `contact`, `address`, `entered_on`, `status`, `position`, `email`, `sponsor_by`) VALUES ('12', 'john', '8879', 'John Erneil', 'Jusi', 'M', '3272317', 'Davao City', '2017-02-27 11:17:30', NULL, '0', '', '2');
INSERT INTO `users` (`user_id`, `user_name`, `password`, `first_name`, `last_name`, `gender`, `contact`, `address`, `entered_on`, `status`, `position`, `email`, `sponsor_by`) VALUES ('13', 'john2', '8879', 'John Erneil', 'Jusi', 'M', '3272317', 'Davao City', '2017-02-27 11:18:28', NULL, '0', '', '12');
INSERT INTO `users` (`user_id`, `user_name`, `password`, `first_name`, `last_name`, `gender`, `contact`, `address`, `entered_on`, `status`, `position`, `email`, `sponsor_by`) VALUES ('14', 'john3', '8879', 'John Erneil', 'Jusi', 'M', '3272317', 'Davao City', '2017-02-27 11:19:30', NULL, '0', '', '12');
INSERT INTO `users` (`user_id`, `user_name`, `password`, `first_name`, `last_name`, `gender`, `contact`, `address`, `entered_on`, `status`, `position`, `email`, `sponsor_by`) VALUES ('15', 'art01', 'raven01', 'Arthur', 'Layno', 'M', '09474071224', 'Davao City', '2017-02-27 11:23:18', NULL, '0', '', '2');
INSERT INTO `users` (`user_id`, `user_name`, `password`, `first_name`, `last_name`, `gender`, `contact`, `address`, `entered_on`, `status`, `position`, `email`, `sponsor_by`) VALUES ('16', 'edar', 'jmk868', 'Eduard', 'Aro', 'M', '09161964437', 'Panabo City', '2017-02-27 11:26:06', NULL, '0', '', '2');
INSERT INTO `users` (`user_id`, `user_name`, `password`, `first_name`, `last_name`, `gender`, `contact`, `address`, `entered_on`, `status`, `position`, `email`, `sponsor_by`) VALUES ('17', 'john4', '8879', 'John Erneil', 'Jusi', 'M', '3272317', 'Davao City', '2017-02-27 13:21:39', NULL, '0', '', '2');
INSERT INTO `users` (`user_id`, `user_name`, `password`, `first_name`, `last_name`, `gender`, `contact`, `address`, `entered_on`, `status`, `position`, `email`, `sponsor_by`) VALUES ('18', 'jimrich', '12345678', 'Jaime', 'Rivamonte', 'M', '09324908716', 'Dumanlas Davao City', '2017-02-27 11:33:57', NULL, '0', '', '2');
INSERT INTO `users` (`user_id`, `user_name`, `password`, `first_name`, `last_name`, `gender`, `contact`, `address`, `entered_on`, `status`, `position`, `email`, `sponsor_by`) VALUES ('19', 'bestlarry', 'blessing58', 'Hilario', 'Llido', 'M', '09094878046', 'Blvd Trading Davao City', '2017-02-27 11:37:46', NULL, '0', '', '2');
INSERT INTO `users` (`user_id`, `user_name`, `password`, `first_name`, `last_name`, `gender`, `contact`, `address`, `entered_on`, `status`, `position`, `email`, `sponsor_by`) VALUES ('20', 'roy', '12345', 'Roy', 'Lindo', 'M', '09328754702', 'Catalunan Davao City', '2017-02-27 11:41:59', NULL, '0', '', '2');
INSERT INTO `users` (`user_id`, `user_name`, `password`, `first_name`, `last_name`, `gender`, `contact`, `address`, `entered_on`, `status`, `position`, `email`, `sponsor_by`) VALUES ('21', 'john5', '8879', 'John Erneil', 'Jusi', 'M', '3272317', 'Davao City', '2017-02-27 13:22:28', NULL, '0', '', '12');
INSERT INTO `users` (`user_id`, `user_name`, `password`, `first_name`, `last_name`, `gender`, `contact`, `address`, `entered_on`, `status`, `position`, `email`, `sponsor_by`) VALUES ('22', 'john6', '8879', 'John Erneil', 'Jusi', 'M', '3272317', 'Davao City', '2017-02-27 13:22:48', NULL, '0', '', '12');
INSERT INTO `users` (`user_id`, `user_name`, `password`, `first_name`, `last_name`, `gender`, `contact`, `address`, `entered_on`, `status`, `position`, `email`, `sponsor_by`) VALUES ('23', 'edar1', 'jmk868', 'Eduard', 'Aro', 'M', '09161964437', 'Panabo City', '2017-02-27 12:23:17', NULL, '0', '', '16');
INSERT INTO `users` (`user_id`, `user_name`, `password`, `first_name`, `last_name`, `gender`, `contact`, `address`, `entered_on`, `status`, `position`, `email`, `sponsor_by`) VALUES ('24', 'art2', 'raven01', 'Arthur', 'Layno', 'M', '09474071224', 'Davao City', '2017-02-28 08:35:07', NULL, '0', '', '15');
INSERT INTO `users` (`user_id`, `user_name`, `password`, `first_name`, `last_name`, `gender`, `contact`, `address`, `entered_on`, `status`, `position`, `email`, `sponsor_by`) VALUES ('25', 'art04', 'raven01', 'Arthur', 'Layno', 'M', '09474071224', 'Davao City', '2017-02-28 08:39:14', NULL, '0', '', '15');
INSERT INTO `users` (`user_id`, `user_name`, `password`, `first_name`, `last_name`, `gender`, `contact`, `address`, `entered_on`, `status`, `position`, `email`, `sponsor_by`) VALUES ('26', 'art03', 'raven01', 'Arthur', 'Layno', 'M', '09474071224', 'Davao City', '2017-02-28 08:49:40', NULL, '0', '', '15');
INSERT INTO `users` (`user_id`, `user_name`, `password`, `first_name`, `last_name`, `gender`, `contact`, `address`, `entered_on`, `status`, `position`, `email`, `sponsor_by`) VALUES ('27', 'art05', 'raven01', 'Arthur', 'Layno', 'M', '09474071224', 'Davao City', '2017-02-28 08:57:05', NULL, '0', '', '15');
INSERT INTO `users` (`user_id`, `user_name`, `password`, `first_name`, `last_name`, `gender`, `contact`, `address`, `entered_on`, `status`, `position`, `email`, `sponsor_by`) VALUES ('28', 'john7', '8879', 'John Erneil', 'Jusi', 'M', '3272317', 'Davao City', '2017-02-28 09:03:06', NULL, '0', '', '12');


#
# TABLE STRUCTURE FOR: withdrawal
#

DROP TABLE IF EXISTS `withdrawal`;

CREATE TABLE `withdrawal` (
  `withdrawal_id` int(11) NOT NULL AUTO_INCREMENT,
  `w_user_id` int(11) DEFAULT NULL,
  `w_amount` float DEFAULT NULL,
  `remarks` varchar(45) DEFAULT NULL,
  `date_create` datetime DEFAULT NULL,
  PRIMARY KEY (`withdrawal_id`)
) ENGINE=InnoDB DEFAULT CHARSET=latin1;

